"filename", "language", "JavaScript", "SCSS", "JSON", "XML", "HTML", "CSS", "comment", "blank", "total"
"/home/avakumov/Downloads/itf_php-aquamarin-9d9fb87ec297/.eslintrc.js", "JavaScript", 23, 0, 0, 0, 0, 0, 0, 0, 23
"/home/avakumov/Downloads/itf_php-aquamarin-9d9fb87ec297/auth.js", "JavaScript", 10, 0, 0, 0, 0, 0, 0, 3, 13
"/home/avakumov/Downloads/itf_php-aquamarin-9d9fb87ec297/components/action-sheet/index.js", "JavaScript", 106, 0, 0, 0, 0, 0, 2, 6, 114
"/home/avakumov/Downloads/itf_php-aquamarin-9d9fb87ec297/components/blind/index.js", "JavaScript", 199, 0, 0, 0, 0, 0, 0, 8, 207
"/home/avakumov/Downloads/itf_php-aquamarin-9d9fb87ec297/components/branding/index.js", "JavaScript", 2, 0, 0, 0, 0, 0, 0, 1, 3
"/home/avakumov/Downloads/itf_php-aquamarin-9d9fb87ec297/components/branding/styles.js", "JavaScript", 282, 0, 0, 0, 0, 0, 14, 6, 302
"/home/avakumov/Downloads/itf_php-aquamarin-9d9fb87ec297/components/branding/uni-logo.js", "JavaScript", 3, 0, 0, 0, 0, 0, 0, 1, 4
"/home/avakumov/Downloads/itf_php-aquamarin-9d9fb87ec297/components/burger/index.js", "JavaScript", 33, 0, 0, 0, 0, 0, 2, 1, 36
"/home/avakumov/Downloads/itf_php-aquamarin-9d9fb87ec297/components/button/back.js", "JavaScript", 47, 0, 0, 0, 0, 0, 0, 4, 51
"/home/avakumov/Downloads/itf_php-aquamarin-9d9fb87ec297/components/button/close.js", "JavaScript", 22, 0, 0, 0, 0, 0, 0, 2, 24
"/home/avakumov/Downloads/itf_php-aquamarin-9d9fb87ec297/components/button/compare.js", "JavaScript", 50, 0, 0, 0, 0, 0, 0, 2, 52
"/home/avakumov/Downloads/itf_php-aquamarin-9d9fb87ec297/components/button/index.js", "JavaScript", 308, 0, 0, 0, 0, 0, 1, 4, 313
"/home/avakumov/Downloads/itf_php-aquamarin-9d9fb87ec297/components/button/light.js", "JavaScript", 21, 0, 0, 0, 0, 0, 0, 4, 25
"/home/avakumov/Downloads/itf_php-aquamarin-9d9fb87ec297/components/button/mebel.js", "JavaScript", 14, 0, 0, 0, 0, 0, 1, 4, 19
"/home/avakumov/Downloads/itf_php-aquamarin-9d9fb87ec297/components/button/next.js", "JavaScript", 32, 0, 0, 0, 0, 0, 0, 2, 34
"/home/avakumov/Downloads/itf_php-aquamarin-9d9fb87ec297/components/button/pano.js", "JavaScript", 21, 0, 0, 0, 0, 0, 0, 4, 25
"/home/avakumov/Downloads/itf_php-aquamarin-9d9fb87ec297/components/button/prev.js", "JavaScript", 36, 0, 0, 0, 0, 0, 0, 2, 38
"/home/avakumov/Downloads/itf_php-aquamarin-9d9fb87ec297/components/button/print.js", "JavaScript", 39, 0, 0, 0, 0, 0, 0, 2, 41
"/home/avakumov/Downloads/itf_php-aquamarin-9d9fb87ec297/components/button/rakurs.js", "JavaScript", 21, 0, 0, 0, 0, 0, 0, 4, 25
"/home/avakumov/Downloads/itf_php-aquamarin-9d9fb87ec297/components/button/scheme.js", "JavaScript", 55, 0, 0, 0, 0, 0, 1, 4, 60
"/home/avakumov/Downloads/itf_php-aquamarin-9d9fb87ec297/components/button/share.js", "JavaScript", 38, 0, 0, 0, 0, 0, 0, 2, 40
"/home/avakumov/Downloads/itf_php-aquamarin-9d9fb87ec297/components/button/similar-flats.js", "JavaScript", 14, 0, 0, 0, 0, 0, 1, 4, 19
"/home/avakumov/Downloads/itf_php-aquamarin-9d9fb87ec297/components/button/sputnik.js", "JavaScript", 55, 0, 0, 0, 0, 0, 1, 4, 60
"/home/avakumov/Downloads/itf_php-aquamarin-9d9fb87ec297/components/button/sun.js", "JavaScript", 62, 0, 0, 0, 0, 0, 0, 2, 64
"/home/avakumov/Downloads/itf_php-aquamarin-9d9fb87ec297/components/call-button/desktop-call-button.js", "JavaScript", 76, 0, 0, 0, 0, 0, 0, 5, 81
"/home/avakumov/Downloads/itf_php-aquamarin-9d9fb87ec297/components/call-button/index.js", "JavaScript", 7, 0, 0, 0, 0, 0, 0, 3, 10
"/home/avakumov/Downloads/itf_php-aquamarin-9d9fb87ec297/components/call-button/phablet-call-button.js", "JavaScript", 0, 0, 0, 0, 0, 0, 0, 1, 1
"/home/avakumov/Downloads/itf_php-aquamarin-9d9fb87ec297/components/checkbox/index.js", "JavaScript", 25, 0, 0, 0, 0, 0, 0, 5, 30
"/home/avakumov/Downloads/itf_php-aquamarin-9d9fb87ec297/components/checkbox/round.js", "JavaScript", 28, 0, 0, 0, 0, 0, 0, 2, 30
"/home/avakumov/Downloads/itf_php-aquamarin-9d9fb87ec297/components/compass/index.js", "JavaScript", 9, 0, 0, 0, 0, 0, 1, 1, 11
"/home/avakumov/Downloads/itf_php-aquamarin-9d9fb87ec297/components/content/index.js", "JavaScript", 80, 0, 0, 0, 0, 0, 0, 4, 84
"/home/avakumov/Downloads/itf_php-aquamarin-9d9fb87ec297/components/context/app.js", "JavaScript", 112, 0, 0, 0, 0, 0, 0, 21, 133
"/home/avakumov/Downloads/itf_php-aquamarin-9d9fb87ec297/components/context/layout.js", "JavaScript", 68, 0, 0, 0, 0, 0, 1, 13, 82
"/home/avakumov/Downloads/itf_php-aquamarin-9d9fb87ec297/components/context/modal.js", "JavaScript", 40, 0, 0, 0, 0, 0, 0, 7, 47
"/home/avakumov/Downloads/itf_php-aquamarin-9d9fb87ec297/components/context/settings.js", "JavaScript", 3, 0, 0, 0, 0, 0, 0, 3, 6
"/home/avakumov/Downloads/itf_php-aquamarin-9d9fb87ec297/components/context/theme.js", "JavaScript", 4, 0, 0, 0, 0, 0, 0, 3, 7
"/home/avakumov/Downloads/itf_php-aquamarin-9d9fb87ec297/components/cookies/index.js", "JavaScript", 47, 0, 0, 0, 0, 0, 0, 2, 49
"/home/avakumov/Downloads/itf_php-aquamarin-9d9fb87ec297/components/dev/dev.js", "JavaScript", 98, 0, 0, 0, 0, 0, 0, 8, 106
"/home/avakumov/Downloads/itf_php-aquamarin-9d9fb87ec297/components/dev/index.js", "JavaScript", 1, 0, 0, 0, 0, 0, 0, 1, 2
"/home/avakumov/Downloads/itf_php-aquamarin-9d9fb87ec297/components/device-specific/index.js", "JavaScript", 32, 0, 0, 0, 0, 0, 0, 1, 33
"/home/avakumov/Downloads/itf_php-aquamarin-9d9fb87ec297/components/drop-down/desktop-drop-down.js", "JavaScript", 97, 0, 0, 0, 0, 0, 0, 6, 103
"/home/avakumov/Downloads/itf_php-aquamarin-9d9fb87ec297/components/drop-down/index.js", "JavaScript", 7, 0, 0, 0, 0, 0, 0, 3, 10
"/home/avakumov/Downloads/itf_php-aquamarin-9d9fb87ec297/components/drop-down/phablet-drop-down.js", "JavaScript", 4, 0, 0, 0, 0, 0, 0, 2, 6
"/home/avakumov/Downloads/itf_php-aquamarin-9d9fb87ec297/components/favourites/button.js", "JavaScript", 55, 0, 0, 0, 0, 0, 0, 3, 58
"/home/avakumov/Downloads/itf_php-aquamarin-9d9fb87ec297/components/favourites/favicon.js", "JavaScript", 83, 0, 0, 0, 0, 0, 0, 6, 89
"/home/avakumov/Downloads/itf_php-aquamarin-9d9fb87ec297/components/favourites/label.js", "JavaScript", 33, 0, 0, 0, 0, 0, 1, 3, 37
"/home/avakumov/Downloads/itf_php-aquamarin-9d9fb87ec297/components/favourites/notification.js", "JavaScript", 97, 0, 0, 0, 0, 0, 0, 3, 100
"/home/avakumov/Downloads/itf_php-aquamarin-9d9fb87ec297/components/favourites/placeholder.js", "JavaScript", 21, 0, 0, 0, 0, 0, 0, 1, 22
"/home/avakumov/Downloads/itf_php-aquamarin-9d9fb87ec297/components/flat/gallery.js", "JavaScript", 298, 0, 0, 0, 0, 0, 3, 16, 317
"/home/avakumov/Downloads/itf_php-aquamarin-9d9fb87ec297/components/flat/info.js", "JavaScript", 63, 0, 0, 0, 0, 0, 0, 3, 66
"/home/avakumov/Downloads/itf_php-aquamarin-9d9fb87ec297/components/flat/menu.js", "JavaScript", 44, 0, 0, 0, 0, 0, 0, 5, 49
"/home/avakumov/Downloads/itf_php-aquamarin-9d9fb87ec297/components/flat/price-tooltip.js", "JavaScript", 50, 0, 0, 0, 0, 0, 0, 1, 51
"/home/avakumov/Downloads/itf_php-aquamarin-9d9fb87ec297/components/flat/price.js", "JavaScript", 17, 0, 0, 0, 0, 0, 0, 1, 18
"/home/avakumov/Downloads/itf_php-aquamarin-9d9fb87ec297/components/flat/remont-price.js", "JavaScript", 209, 0, 0, 0, 0, 0, 0, 4, 213
"/home/avakumov/Downloads/itf_php-aquamarin-9d9fb87ec297/components/flat/render/desktop.js", "JavaScript", 77, 0, 0, 0, 0, 0, 0, 2, 79
"/home/avakumov/Downloads/itf_php-aquamarin-9d9fb87ec297/components/flat/render/index.js", "JavaScript", 4, 0, 0, 0, 0, 0, 0, 2, 6
"/home/avakumov/Downloads/itf_php-aquamarin-9d9fb87ec297/components/flat/render/phablet.js", "JavaScript", 20, 0, 0, 0, 0, 0, 0, 1, 21
"/home/avakumov/Downloads/itf_php-aquamarin-9d9fb87ec297/components/flat/reserv-info.js", "JavaScript", 95, 0, 0, 0, 0, 0, 0, 3, 98
"/home/avakumov/Downloads/itf_php-aquamarin-9d9fb87ec297/components/flat/sidebar.js", "JavaScript", 137, 0, 0, 0, 0, 0, 0, 4, 141
"/home/avakumov/Downloads/itf_php-aquamarin-9d9fb87ec297/components/flat/square.js", "JavaScript", 18, 0, 0, 0, 0, 0, 0, 1, 19
"/home/avakumov/Downloads/itf_php-aquamarin-9d9fb87ec297/components/flat/tooltip.js", "JavaScript", 112, 0, 0, 0, 0, 0, 0, 3, 115
"/home/avakumov/Downloads/itf_php-aquamarin-9d9fb87ec297/components/footer/desktop.js", "JavaScript", 92, 0, 0, 0, 0, 0, 0, 2, 94
"/home/avakumov/Downloads/itf_php-aquamarin-9d9fb87ec297/components/footer/index.js", "JavaScript", 14, 0, 0, 0, 0, 0, 0, 3, 17
"/home/avakumov/Downloads/itf_php-aquamarin-9d9fb87ec297/components/footer/phablet.js", "JavaScript", 101, 0, 0, 0, 0, 0, 0, 3, 104
"/home/avakumov/Downloads/itf_php-aquamarin-9d9fb87ec297/components/gallery/albums-picker.js", "JavaScript", 1, 0, 0, 0, 0, 0, 124, 1, 126
"/home/avakumov/Downloads/itf_php-aquamarin-9d9fb87ec297/components/gallery/counter.js", "JavaScript", 20, 0, 0, 0, 0, 0, 0, 1, 21
"/home/avakumov/Downloads/itf_php-aquamarin-9d9fb87ec297/components/gallery/gallery-item.js", "JavaScript", 64, 0, 0, 0, 0, 0, 0, 4, 68
"/home/avakumov/Downloads/itf_php-aquamarin-9d9fb87ec297/components/gallery/gallery-light.js", "JavaScript", 314, 0, 0, 0, 0, 0, 0, 24, 338
"/home/avakumov/Downloads/itf_php-aquamarin-9d9fb87ec297/components/gallery/gallery.js", "JavaScript", 254, 0, 0, 0, 0, 0, 0, 31, 285
"/home/avakumov/Downloads/itf_php-aquamarin-9d9fb87ec297/components/gallery/index.js", "JavaScript", 1, 0, 0, 0, 0, 0, 0, 1, 2
"/home/avakumov/Downloads/itf_php-aquamarin-9d9fb87ec297/components/genplan/house-marker.js", "JavaScript", 140, 0, 0, 0, 0, 0, 0, 14, 154
"/home/avakumov/Downloads/itf_php-aquamarin-9d9fb87ec297/components/genplan/icon-marker.js", "JavaScript", 110, 0, 0, 0, 0, 0, 0, 12, 122
"/home/avakumov/Downloads/itf_php-aquamarin-9d9fb87ec297/components/genplan/leaflet.js", "JavaScript", 379, 0, 0, 0, 0, 0, 5, 48, 432
"/home/avakumov/Downloads/itf_php-aquamarin-9d9fb87ec297/components/genplan/markers.js", "JavaScript", 24, 0, 0, 0, 0, 0, 0, 3, 27
"/home/avakumov/Downloads/itf_php-aquamarin-9d9fb87ec297/components/genplan/scheme.js", "JavaScript", 351, 0, 0, 0, 0, 0, 2, 14, 367
"/home/avakumov/Downloads/itf_php-aquamarin-9d9fb87ec297/components/genplan/zoom-control.js", "JavaScript", 137, 0, 0, 0, 0, 0, 0, 3, 140
"/home/avakumov/Downloads/itf_php-aquamarin-9d9fb87ec297/components/hocs/with-colors.js", "JavaScript", 34, 0, 0, 0, 0, 0, 0, 3, 37
"/home/avakumov/Downloads/itf_php-aquamarin-9d9fb87ec297/components/hocs/with-fetch.js", "JavaScript", 20, 0, 0, 0, 0, 0, 0, 3, 23
"/home/avakumov/Downloads/itf_php-aquamarin-9d9fb87ec297/components/hocs/with-localstorage.js", "JavaScript", 28, 0, 0, 0, 0, 0, 0, 8, 36
"/home/avakumov/Downloads/itf_php-aquamarin-9d9fb87ec297/components/hocs/with-unmounted.js", "JavaScript", 35, 0, 0, 0, 0, 0, 0, 9, 44
"/home/avakumov/Downloads/itf_php-aquamarin-9d9fb87ec297/components/hocs/without-footer.js", "JavaScript", 23, 0, 0, 0, 0, 0, 0, 6, 29
"/home/avakumov/Downloads/itf_php-aquamarin-9d9fb87ec297/components/hocs/without-menu.js", "JavaScript", 23, 0, 0, 0, 0, 0, 0, 6, 29
"/home/avakumov/Downloads/itf_php-aquamarin-9d9fb87ec297/components/icons/burger.js", "JavaScript", 6, 0, 0, 0, 0, 0, 1, 1, 8
"/home/avakumov/Downloads/itf_php-aquamarin-9d9fb87ec297/components/icons/curved.js", "JavaScript", 9, 0, 0, 0, 0, 0, 0, 1, 10
"/home/avakumov/Downloads/itf_php-aquamarin-9d9fb87ec297/components/icons/favourite-icon.js", "JavaScript", 23, 0, 0, 0, 0, 0, 1, 1, 25
"/home/avakumov/Downloads/itf_php-aquamarin-9d9fb87ec297/components/icons/left-arrow-alt.js", "JavaScript", 8, 0, 0, 0, 0, 0, 0, 1, 9
"/home/avakumov/Downloads/itf_php-aquamarin-9d9fb87ec297/components/icons/left-arrow-icon.js", "JavaScript", 16, 0, 0, 0, 0, 0, 0, 1, 17
"/home/avakumov/Downloads/itf_php-aquamarin-9d9fb87ec297/components/icons/minus.js", "JavaScript", 8, 0, 0, 0, 0, 0, 0, 1, 9
"/home/avakumov/Downloads/itf_php-aquamarin-9d9fb87ec297/components/icons/plan-icon.js", "JavaScript", 8, 0, 0, 0, 0, 0, 0, 1, 9
"/home/avakumov/Downloads/itf_php-aquamarin-9d9fb87ec297/components/icons/plus.js", "JavaScript", 8, 0, 0, 0, 0, 0, 0, 1, 9
"/home/avakumov/Downloads/itf_php-aquamarin-9d9fb87ec297/components/icons/preview-icon.js", "JavaScript", 4, 0, 0, 0, 0, 0, 1, 1, 6
"/home/avakumov/Downloads/itf_php-aquamarin-9d9fb87ec297/components/icons/right-arrow-alt.js", "JavaScript", 13, 0, 0, 0, 0, 0, 0, 1, 14
"/home/avakumov/Downloads/itf_php-aquamarin-9d9fb87ec297/components/icons/right-arrow-icon.js", "JavaScript", 14, 0, 0, 0, 0, 0, 0, 1, 15
"/home/avakumov/Downloads/itf_php-aquamarin-9d9fb87ec297/components/image/load.js", "JavaScript", 18, 0, 0, 0, 0, 0, 0, 2, 20
"/home/avakumov/Downloads/itf_php-aquamarin-9d9fb87ec297/components/image/responsive.js", "JavaScript", 97, 0, 0, 0, 0, 0, 4, 15, 116
"/home/avakumov/Downloads/itf_php-aquamarin-9d9fb87ec297/components/infrastructure/groups.js", "JavaScript", 64, 0, 0, 0, 0, 0, 0, 2, 66
"/home/avakumov/Downloads/itf_php-aquamarin-9d9fb87ec297/components/main/desktop/advantages.js", "JavaScript", 189, 0, 0, 0, 0, 0, 8, 18, 215
"/home/avakumov/Downloads/itf_php-aquamarin-9d9fb87ec297/components/main/desktop/comfort.js", "JavaScript", 198, 0, 0, 0, 0, 0, 0, 9, 207
"/home/avakumov/Downloads/itf_php-aquamarin-9d9fb87ec297/components/main/desktop/finish.js", "JavaScript", 88, 0, 0, 0, 0, 0, 0, 2, 90
"/home/avakumov/Downloads/itf_php-aquamarin-9d9fb87ec297/components/main/desktop/hero.js", "JavaScript", 106, 0, 0, 0, 0, 0, 0, 6, 112
"/home/avakumov/Downloads/itf_php-aquamarin-9d9fb87ec297/components/main/desktop/parking.js", "JavaScript", 147, 0, 0, 0, 0, 0, 0, 6, 153
"/home/avakumov/Downloads/itf_php-aquamarin-9d9fb87ec297/components/main/desktop/security.js", "JavaScript", 198, 0, 0, 0, 0, 0, 0, 5, 203
"/home/avakumov/Downloads/itf_php-aquamarin-9d9fb87ec297/components/main/desktop/service.js", "JavaScript", 115, 0, 0, 0, 0, 0, 0, 5, 120
"/home/avakumov/Downloads/itf_php-aquamarin-9d9fb87ec297/components/main/mobile/advantages.js", "JavaScript", 171, 0, 0, 0, 0, 0, 3, 19, 193
"/home/avakumov/Downloads/itf_php-aquamarin-9d9fb87ec297/components/main/mobile/comfort.js", "JavaScript", 145, 0, 0, 0, 0, 0, 0, 6, 151
"/home/avakumov/Downloads/itf_php-aquamarin-9d9fb87ec297/components/main/mobile/finish.js", "JavaScript", 66, 0, 0, 0, 0, 0, 5, 2, 73
"/home/avakumov/Downloads/itf_php-aquamarin-9d9fb87ec297/components/main/mobile/hero.js", "JavaScript", 71, 0, 0, 0, 0, 0, 0, 4, 75
"/home/avakumov/Downloads/itf_php-aquamarin-9d9fb87ec297/components/main/mobile/parking.js", "JavaScript", 151, 0, 0, 0, 0, 0, 0, 6, 157
"/home/avakumov/Downloads/itf_php-aquamarin-9d9fb87ec297/components/main/mobile/security.js", "JavaScript", 190, 0, 0, 0, 0, 0, 0, 5, 195
"/home/avakumov/Downloads/itf_php-aquamarin-9d9fb87ec297/components/main/mobile/service.js", "JavaScript", 46, 0, 0, 0, 0, 0, 0, 1, 47
"/home/avakumov/Downloads/itf_php-aquamarin-9d9fb87ec297/components/mask/index.js", "JavaScript", 29, 0, 0, 0, 0, 0, 0, 1, 30
"/home/avakumov/Downloads/itf_php-aquamarin-9d9fb87ec297/components/menu/desktop.js", "JavaScript", 240, 0, 0, 0, 0, 0, 1, 15, 256
"/home/avakumov/Downloads/itf_php-aquamarin-9d9fb87ec297/components/menu/index.js", "JavaScript", 4, 0, 0, 0, 0, 0, 0, 3, 7
"/home/avakumov/Downloads/itf_php-aquamarin-9d9fb87ec297/components/menu/phablet.js", "JavaScript", 76, 0, 0, 0, 0, 0, 0, 6, 82
"/home/avakumov/Downloads/itf_php-aquamarin-9d9fb87ec297/components/modals/calc-modal.js", "JavaScript", 26, 0, 0, 0, 0, 0, 0, 4, 30
"/home/avakumov/Downloads/itf_php-aquamarin-9d9fb87ec297/components/modals/call-me.js", "JavaScript", 94, 0, 0, 0, 0, 0, 0, 4, 98
"/home/avakumov/Downloads/itf_php-aquamarin-9d9fb87ec297/components/modals/ipoteka-modal.js", "JavaScript", 83, 0, 0, 0, 0, 0, 0, 8, 91
"/home/avakumov/Downloads/itf_php-aquamarin-9d9fb87ec297/components/modals/login.js", "JavaScript", 186, 0, 0, 0, 0, 0, 2, 12, 200
"/home/avakumov/Downloads/itf_php-aquamarin-9d9fb87ec297/components/modals/policy.js", "JavaScript", 21, 0, 0, 0, 0, 0, 1, 3, 25
"/home/avakumov/Downloads/itf_php-aquamarin-9d9fb87ec297/components/modals/portal.js", "JavaScript", 105, 0, 0, 0, 0, 0, 0, 7, 112
"/home/avakumov/Downloads/itf_php-aquamarin-9d9fb87ec297/components/modals/reservation.js", "JavaScript", 102, 0, 0, 0, 0, 0, 0, 5, 107
"/home/avakumov/Downloads/itf_php-aquamarin-9d9fb87ec297/components/modals/video-modal.js", "JavaScript", 71, 0, 0, 0, 0, 0, 0, 4, 75
"/home/avakumov/Downloads/itf_php-aquamarin-9d9fb87ec297/components/modals/with-base-form.js", "JavaScript", 108, 0, 0, 0, 0, 0, 0, 13, 121
"/home/avakumov/Downloads/itf_php-aquamarin-9d9fb87ec297/components/modals/write-us.js", "JavaScript", 85, 0, 0, 0, 0, 0, 0, 8, 93
"/home/avakumov/Downloads/itf_php-aquamarin-9d9fb87ec297/components/navigation/desktop.js", "JavaScript", 286, 0, 0, 0, 0, 0, 0, 6, 292
"/home/avakumov/Downloads/itf_php-aquamarin-9d9fb87ec297/components/navigation/index.js", "JavaScript", 4, 0, 0, 0, 0, 0, 0, 2, 6
"/home/avakumov/Downloads/itf_php-aquamarin-9d9fb87ec297/components/navigation/phablet.js", "JavaScript", 282, 0, 0, 0, 0, 0, 0, 4, 286
"/home/avakumov/Downloads/itf_php-aquamarin-9d9fb87ec297/components/news/desktop.js", "JavaScript", 66, 0, 0, 0, 0, 0, 0, 3, 69
"/home/avakumov/Downloads/itf_php-aquamarin-9d9fb87ec297/components/news/item.js", "JavaScript", 4, 0, 0, 0, 0, 0, 0, 3, 7
"/home/avakumov/Downloads/itf_php-aquamarin-9d9fb87ec297/components/news/phablet.js", "JavaScript", 53, 0, 0, 0, 0, 0, 0, 3, 56
"/home/avakumov/Downloads/itf_php-aquamarin-9d9fb87ec297/components/offices/index.js", "JavaScript", 34, 0, 0, 0, 0, 0, 0, 2, 36
"/home/avakumov/Downloads/itf_php-aquamarin-9d9fb87ec297/components/page/desktop.js", "JavaScript", 146, 0, 0, 0, 0, 0, 2, 5, 153
"/home/avakumov/Downloads/itf_php-aquamarin-9d9fb87ec297/components/page/index.js", "JavaScript", 4, 0, 0, 0, 0, 0, 0, 2, 6
"/home/avakumov/Downloads/itf_php-aquamarin-9d9fb87ec297/components/page/phablet.js", "JavaScript", 73, 0, 0, 0, 0, 0, 0, 3, 76
"/home/avakumov/Downloads/itf_php-aquamarin-9d9fb87ec297/components/pagination/index.js", "JavaScript", 44, 0, 0, 0, 0, 0, 0, 4, 48
"/home/avakumov/Downloads/itf_php-aquamarin-9d9fb87ec297/components/range-slider/index.js", "JavaScript", 74, 0, 0, 0, 0, 0, 3, 4, 81
"/home/avakumov/Downloads/itf_php-aquamarin-9d9fb87ec297/components/responsive-height/index.js", "JavaScript", 17, 0, 0, 0, 0, 0, 0, 5, 22
"/home/avakumov/Downloads/itf_php-aquamarin-9d9fb87ec297/components/scroller/index.js", "JavaScript", 155, 0, 0, 0, 0, 0, 0, 12, 167
"/home/avakumov/Downloads/itf_php-aquamarin-9d9fb87ec297/components/search/filter.js", "JavaScript", 307, 0, 0, 0, 0, 0, 6, 35, 348
"/home/avakumov/Downloads/itf_php-aquamarin-9d9fb87ec297/components/search/flats-table.js", "JavaScript", 198, 0, 0, 0, 0, 0, 2, 4, 204
"/home/avakumov/Downloads/itf_php-aquamarin-9d9fb87ec297/components/search/legend.js", "JavaScript", 70, 0, 0, 0, 0, 0, 0, 5, 75
"/home/avakumov/Downloads/itf_php-aquamarin-9d9fb87ec297/components/search/matrix.js", "JavaScript", 326, 0, 0, 0, 0, 0, 14, 36, 376
"/home/avakumov/Downloads/itf_php-aquamarin-9d9fb87ec297/components/search/matrix/caption.js", "JavaScript", 26, 0, 0, 0, 0, 0, 0, 3, 29
"/home/avakumov/Downloads/itf_php-aquamarin-9d9fb87ec297/components/search/matrix/empty-floor.js", "JavaScript", 13, 0, 0, 0, 0, 0, 0, 3, 16
"/home/avakumov/Downloads/itf_php-aquamarin-9d9fb87ec297/components/search/matrix/flat.js", "JavaScript", 47, 0, 0, 0, 0, 0, 0, 3, 50
"/home/avakumov/Downloads/itf_php-aquamarin-9d9fb87ec297/components/search/matrix/floor.js", "JavaScript", 32, 0, 0, 0, 0, 0, 0, 3, 35
"/home/avakumov/Downloads/itf_php-aquamarin-9d9fb87ec297/components/search/matrix/section.js", "JavaScript", 38, 0, 0, 0, 0, 0, 0, 6, 44
"/home/avakumov/Downloads/itf_php-aquamarin-9d9fb87ec297/components/search/no-data.js", "JavaScript", 9, 0, 0, 0, 0, 0, 0, 1, 10
"/home/avakumov/Downloads/itf_php-aquamarin-9d9fb87ec297/components/search/params.js", "JavaScript", 180, 0, 0, 0, 0, 0, 1, 14, 195
"/home/avakumov/Downloads/itf_php-aquamarin-9d9fb87ec297/components/search/planning-item.js", "JavaScript", 88, 0, 0, 0, 0, 0, 1, 4, 93
"/home/avakumov/Downloads/itf_php-aquamarin-9d9fb87ec297/components/search/plannings.js", "JavaScript", 149, 0, 0, 0, 0, 0, 1, 12, 162
"/home/avakumov/Downloads/itf_php-aquamarin-9d9fb87ec297/components/search/plashka.js", "JavaScript", 32, 0, 0, 0, 0, 0, 0, 3, 35
"/home/avakumov/Downloads/itf_php-aquamarin-9d9fb87ec297/components/search/results-table.js", "JavaScript", 370, 0, 0, 0, 0, 0, 6, 9, 385
"/home/avakumov/Downloads/itf_php-aquamarin-9d9fb87ec297/components/search/sort-toggle.js", "JavaScript", 29, 0, 0, 0, 0, 0, 0, 2, 31
"/home/avakumov/Downloads/itf_php-aquamarin-9d9fb87ec297/components/search/total.js", "JavaScript", 53, 0, 0, 0, 0, 0, 0, 1, 54
"/home/avakumov/Downloads/itf_php-aquamarin-9d9fb87ec297/components/seo/head.js", "JavaScript", 7, 0, 0, 0, 0, 0, 0, 1, 8
"/home/avakumov/Downloads/itf_php-aquamarin-9d9fb87ec297/components/sidebar/index.js", "JavaScript", 47, 0, 0, 0, 0, 0, 0, 3, 50
"/home/avakumov/Downloads/itf_php-aquamarin-9d9fb87ec297/components/socials/index.js", "JavaScript", 49, 0, 0, 0, 0, 0, 0, 3, 52
"/home/avakumov/Downloads/itf_php-aquamarin-9d9fb87ec297/components/spinner/index.js", "JavaScript", 284, 0, 0, 0, 0, 0, 0, 4, 288
"/home/avakumov/Downloads/itf_php-aquamarin-9d9fb87ec297/components/stage/full-scheme.js", "JavaScript", 219, 0, 0, 0, 0, 0, 1, 7, 227
"/home/avakumov/Downloads/itf_php-aquamarin-9d9fb87ec297/components/stage/scheme.js", "JavaScript", 162, 0, 0, 0, 0, 0, 0, 6, 168
"/home/avakumov/Downloads/itf_php-aquamarin-9d9fb87ec297/components/stage/stages-list.js", "JavaScript", 241, 0, 0, 0, 0, 0, 0, 17, 258
"/home/avakumov/Downloads/itf_php-aquamarin-9d9fb87ec297/components/stage/tooltip.js", "JavaScript", 29, 0, 0, 0, 0, 0, 0, 3, 32
"/home/avakumov/Downloads/itf_php-aquamarin-9d9fb87ec297/components/stepper/index.js", "JavaScript", 71, 0, 0, 0, 0, 0, 0, 2, 73
"/home/avakumov/Downloads/itf_php-aquamarin-9d9fb87ec297/components/switch/desktop-switch.js", "JavaScript", 98, 0, 0, 0, 0, 0, 0, 7, 105
"/home/avakumov/Downloads/itf_php-aquamarin-9d9fb87ec297/components/switch/index.js", "JavaScript", 7, 0, 0, 0, 0, 0, 0, 3, 10
"/home/avakumov/Downloads/itf_php-aquamarin-9d9fb87ec297/components/switch/phablet-switch.js", "JavaScript", 73, 0, 0, 0, 0, 0, 0, 5, 78
"/home/avakumov/Downloads/itf_php-aquamarin-9d9fb87ec297/components/text-toggle.js", "JavaScript", 47, 0, 0, 0, 0, 0, 0, 2, 49
"/home/avakumov/Downloads/itf_php-aquamarin-9d9fb87ec297/components/toggle/index.js", "JavaScript", 60, 0, 0, 0, 0, 0, 0, 3, 63
"/home/avakumov/Downloads/itf_php-aquamarin-9d9fb87ec297/components/tooltip/index.js", "JavaScript", 56, 0, 0, 0, 0, 0, 0, 4, 60
"/home/avakumov/Downloads/itf_php-aquamarin-9d9fb87ec297/components/typehead/index.js", "JavaScript", 225, 0, 0, 0, 0, 0, 1, 10, 236
"/home/avakumov/Downloads/itf_php-aquamarin-9d9fb87ec297/components/typo/label.js", "JavaScript", 13, 0, 0, 0, 0, 0, 0, 1, 14
"/home/avakumov/Downloads/itf_php-aquamarin-9d9fb87ec297/components/typo/link.js", "JavaScript", 29, 0, 0, 0, 0, 0, 0, 3, 32
"/home/avakumov/Downloads/itf_php-aquamarin-9d9fb87ec297/components/typo/para.js", "JavaScript", 13, 0, 0, 0, 0, 0, 0, 1, 14
"/home/avakumov/Downloads/itf_php-aquamarin-9d9fb87ec297/components/typo/spacer.js", "JavaScript", 31, 0, 0, 0, 0, 0, 0, 2, 33
"/home/avakumov/Downloads/itf_php-aquamarin-9d9fb87ec297/components/typo/title.js", "JavaScript", 51, 0, 0, 0, 0, 0, 0, 3, 54
"/home/avakumov/Downloads/itf_php-aquamarin-9d9fb87ec297/consts.js", "JavaScript", 3, 0, 0, 0, 0, 0, 0, 1, 4
"/home/avakumov/Downloads/itf_php-aquamarin-9d9fb87ec297/dayjs.js", "JavaScript", 4, 0, 0, 0, 0, 0, 0, 2, 6
"/home/avakumov/Downloads/itf_php-aquamarin-9d9fb87ec297/ecosystem.config.js", "JavaScript", 16, 0, 0, 0, 0, 0, 0, 1, 17
"/home/avakumov/Downloads/itf_php-aquamarin-9d9fb87ec297/emitter.js", "JavaScript", 2, 0, 0, 0, 0, 0, 0, 1, 3
"/home/avakumov/Downloads/itf_php-aquamarin-9d9fb87ec297/enums/apartments.js", "JavaScript", 5, 0, 0, 0, 0, 0, 0, 1, 6
"/home/avakumov/Downloads/itf_php-aquamarin-9d9fb87ec297/enums/base-enum.js", "JavaScript", 12, 0, 0, 0, 0, 0, 0, 2, 14
"/home/avakumov/Downloads/itf_php-aquamarin-9d9fb87ec297/enums/sections-names.js", "JavaScript", 8, 0, 0, 0, 0, 0, 0, 1, 9
"/home/avakumov/Downloads/itf_php-aquamarin-9d9fb87ec297/enums/stage-names.js", "JavaScript", 20, 0, 0, 0, 0, 0, 0, 3, 23
"/home/avakumov/Downloads/itf_php-aquamarin-9d9fb87ec297/enums/statuses.js", "JavaScript", 35, 0, 0, 0, 0, 0, 0, 4, 39
"/home/avakumov/Downloads/itf_php-aquamarin-9d9fb87ec297/enums/themes.js", "JavaScript", 11, 0, 0, 0, 0, 0, 0, 1, 12
"/home/avakumov/Downloads/itf_php-aquamarin-9d9fb87ec297/enums/typology.js", "JavaScript", 26, 0, 0, 0, 0, 0, 0, 4, 30
"/home/avakumov/Downloads/itf_php-aquamarin-9d9fb87ec297/fetch.js", "JavaScript", 46, 0, 0, 0, 0, 0, 3, 3, 52
"/home/avakumov/Downloads/itf_php-aquamarin-9d9fb87ec297/helpers.js", "JavaScript", 86, 0, 0, 0, 0, 0, 0, 21, 107
"/home/avakumov/Downloads/itf_php-aquamarin-9d9fb87ec297/menu.js", "JavaScript", 42, 0, 0, 0, 0, 0, 0, 1, 43
"/home/avakumov/Downloads/itf_php-aquamarin-9d9fb87ec297/mixins/r.scss", "SCSS", 0, 159, 0, 0, 0, 0, 1, 36, 196
"/home/avakumov/Downloads/itf_php-aquamarin-9d9fb87ec297/next.config.js", "JavaScript", 10, 0, 0, 0, 0, 0, 0, 1, 11
"/home/avakumov/Downloads/itf_php-aquamarin-9d9fb87ec297/package-lock.json", "JSON", 0, 0, 8926, 0, 0, 0, 0, 1, 8927
"/home/avakumov/Downloads/itf_php-aquamarin-9d9fb87ec297/package.json", "JSON", 0, 0, 73, 0, 0, 0, 0, 1, 74
"/home/avakumov/Downloads/itf_php-aquamarin-9d9fb87ec297/pages/_app.js", "JavaScript", 155, 0, 0, 0, 0, 0, 2, 17, 174
"/home/avakumov/Downloads/itf_php-aquamarin-9d9fb87ec297/pages/_document.js", "JavaScript", 50, 0, 0, 0, 0, 0, 0, 4, 54
"/home/avakumov/Downloads/itf_php-aquamarin-9d9fb87ec297/pages/_error.js", "JavaScript", 18, 0, 0, 0, 0, 0, 0, 3, 21
"/home/avakumov/Downloads/itf_php-aquamarin-9d9fb87ec297/pages/about/desktop.js", "JavaScript", 38, 0, 0, 0, 0, 0, 0, 2, 40
"/home/avakumov/Downloads/itf_php-aquamarin-9d9fb87ec297/pages/about/index.js", "JavaScript", 15, 0, 0, 0, 0, 0, 1, 4, 20
"/home/avakumov/Downloads/itf_php-aquamarin-9d9fb87ec297/pages/about/phablet.js", "JavaScript", 119, 0, 0, 0, 0, 0, 0, 2, 121
"/home/avakumov/Downloads/itf_php-aquamarin-9d9fb87ec297/pages/contacts/desktop.js", "JavaScript", 148, 0, 0, 0, 0, 0, 0, 8, 156
"/home/avakumov/Downloads/itf_php-aquamarin-9d9fb87ec297/pages/contacts/index.js", "JavaScript", 13, 0, 0, 0, 0, 0, 0, 4, 17
"/home/avakumov/Downloads/itf_php-aquamarin-9d9fb87ec297/pages/contacts/phablet.js", "JavaScript", 124, 0, 0, 0, 0, 0, 0, 9, 133
"/home/avakumov/Downloads/itf_php-aquamarin-9d9fb87ec297/pages/developer/desktop.js", "JavaScript", 24, 0, 0, 0, 0, 0, 0, 2, 26
"/home/avakumov/Downloads/itf_php-aquamarin-9d9fb87ec297/pages/developer/index.js", "JavaScript", 15, 0, 0, 0, 0, 0, 1, 4, 20
"/home/avakumov/Downloads/itf_php-aquamarin-9d9fb87ec297/pages/developer/phablet.js", "JavaScript", 19, 0, 0, 0, 0, 0, 0, 2, 21
"/home/avakumov/Downloads/itf_php-aquamarin-9d9fb87ec297/pages/favourites/index.js", "JavaScript", 370, 0, 0, 0, 0, 0, 7, 14, 391
"/home/avakumov/Downloads/itf_php-aquamarin-9d9fb87ec297/pages/favourites/print.js", "JavaScript", 299, 0, 0, 0, 0, 0, 2, 13, 314
"/home/avakumov/Downloads/itf_php-aquamarin-9d9fb87ec297/pages/flat/desktop.js", "JavaScript", 359, 0, 0, 0, 0, 0, 2, 19, 380
"/home/avakumov/Downloads/itf_php-aquamarin-9d9fb87ec297/pages/flat/index.js", "JavaScript", 13, 0, 0, 0, 0, 0, 1, 4, 18
"/home/avakumov/Downloads/itf_php-aquamarin-9d9fb87ec297/pages/flat/phablet.js", "JavaScript", 337, 0, 0, 0, 0, 0, 1, 15, 353
"/home/avakumov/Downloads/itf_php-aquamarin-9d9fb87ec297/pages/gallery/list/desktop.js", "JavaScript", 13, 0, 0, 0, 0, 0, 0, 3, 16
"/home/avakumov/Downloads/itf_php-aquamarin-9d9fb87ec297/pages/gallery/list/gallery.js", "JavaScript", 92, 0, 0, 0, 0, 0, 0, 4, 96
"/home/avakumov/Downloads/itf_php-aquamarin-9d9fb87ec297/pages/gallery/list/index.js", "JavaScript", 13, 0, 0, 0, 0, 0, 0, 4, 17
"/home/avakumov/Downloads/itf_php-aquamarin-9d9fb87ec297/pages/gallery/list/phablet.js", "JavaScript", 76, 0, 0, 0, 0, 0, 0, 3, 79
"/home/avakumov/Downloads/itf_php-aquamarin-9d9fb87ec297/pages/gallery/show/desktop.js", "JavaScript", 69, 0, 0, 0, 0, 0, 1, 3, 73
"/home/avakumov/Downloads/itf_php-aquamarin-9d9fb87ec297/pages/gallery/show/index.js", "JavaScript", 30, 0, 0, 0, 0, 0, 0, 8, 38
"/home/avakumov/Downloads/itf_php-aquamarin-9d9fb87ec297/pages/gallery/show/phablet.js", "JavaScript", 40, 0, 0, 0, 0, 0, 0, 3, 43
"/home/avakumov/Downloads/itf_php-aquamarin-9d9fb87ec297/pages/genplan/desktop.js", "JavaScript", 103, 0, 0, 0, 0, 0, 0, 4, 107
"/home/avakumov/Downloads/itf_php-aquamarin-9d9fb87ec297/pages/genplan/index.js", "JavaScript", 19, 0, 0, 0, 0, 0, 0, 5, 24
"/home/avakumov/Downloads/itf_php-aquamarin-9d9fb87ec297/pages/genplan/phablet.js", "JavaScript", 48, 0, 0, 0, 0, 0, 0, 4, 52
"/home/avakumov/Downloads/itf_php-aquamarin-9d9fb87ec297/pages/infrastructure/desktop.js", "JavaScript", 158, 0, 0, 0, 0, 0, 0, 15, 173
"/home/avakumov/Downloads/itf_php-aquamarin-9d9fb87ec297/pages/infrastructure/index.js", "JavaScript", 18, 0, 0, 0, 0, 0, 0, 6, 24
"/home/avakumov/Downloads/itf_php-aquamarin-9d9fb87ec297/pages/infrastructure/phablet.js", "JavaScript", 141, 0, 0, 0, 0, 0, 0, 14, 155
"/home/avakumov/Downloads/itf_php-aquamarin-9d9fb87ec297/pages/location/desktop.js", "JavaScript", 124, 0, 0, 0, 0, 0, 0, 19, 143
"/home/avakumov/Downloads/itf_php-aquamarin-9d9fb87ec297/pages/location/index.js", "JavaScript", 7, 0, 0, 0, 0, 0, 0, 3, 10
"/home/avakumov/Downloads/itf_php-aquamarin-9d9fb87ec297/pages/location/phablet.js", "JavaScript", 95, 0, 0, 0, 0, 0, 0, 10, 105
"/home/avakumov/Downloads/itf_php-aquamarin-9d9fb87ec297/pages/main/desktop.js", "JavaScript", 166, 0, 0, 0, 0, 0, 0, 5, 171
"/home/avakumov/Downloads/itf_php-aquamarin-9d9fb87ec297/pages/main/index.js", "JavaScript", 67, 0, 0, 0, 0, 0, 0, 4, 71
"/home/avakumov/Downloads/itf_php-aquamarin-9d9fb87ec297/pages/main/phablet.js", "JavaScript", 198, 0, 0, 0, 0, 0, 0, 6, 204
"/home/avakumov/Downloads/itf_php-aquamarin-9d9fb87ec297/pages/news/list/desktop.js", "JavaScript", 45, 0, 0, 0, 0, 0, 0, 3, 48
"/home/avakumov/Downloads/itf_php-aquamarin-9d9fb87ec297/pages/news/list/index.js", "JavaScript", 19, 0, 0, 0, 0, 0, 0, 5, 24
"/home/avakumov/Downloads/itf_php-aquamarin-9d9fb87ec297/pages/news/list/phablet.js", "JavaScript", 39, 0, 0, 0, 0, 0, 0, 3, 42
"/home/avakumov/Downloads/itf_php-aquamarin-9d9fb87ec297/pages/news/show/desktop.js", "JavaScript", 120, 0, 0, 0, 0, 0, 0, 3, 123
"/home/avakumov/Downloads/itf_php-aquamarin-9d9fb87ec297/pages/news/show/index.js", "JavaScript", 16, 0, 0, 0, 0, 0, 0, 5, 21
"/home/avakumov/Downloads/itf_php-aquamarin-9d9fb87ec297/pages/news/show/phablet.js", "JavaScript", 82, 0, 0, 0, 0, 0, 0, 4, 86
"/home/avakumov/Downloads/itf_php-aquamarin-9d9fb87ec297/pages/otdelka/desktop.js", "JavaScript", 242, 0, 0, 0, 0, 0, 0, 18, 260
"/home/avakumov/Downloads/itf_php-aquamarin-9d9fb87ec297/pages/otdelka/index.js", "JavaScript", 36, 0, 0, 0, 0, 0, 4, 8, 48
"/home/avakumov/Downloads/itf_php-aquamarin-9d9fb87ec297/pages/otdelka/phablet.js", "JavaScript", 246, 0, 0, 0, 0, 0, 0, 16, 262
"/home/avakumov/Downloads/itf_php-aquamarin-9d9fb87ec297/pages/policy/index.js", "JavaScript", 80, 0, 0, 0, 0, 0, 0, 4, 84
"/home/avakumov/Downloads/itf_php-aquamarin-9d9fb87ec297/pages/policy/soglasie.js", "JavaScript", 84, 0, 0, 0, 0, 0, 0, 5, 89
"/home/avakumov/Downloads/itf_php-aquamarin-9d9fb87ec297/pages/print/index.js", "JavaScript", 497, 0, 0, 0, 0, 0, 0, 13, 510
"/home/avakumov/Downloads/itf_php-aquamarin-9d9fb87ec297/pages/search/desktop.js", "JavaScript", 184, 0, 0, 0, 0, 0, 3, 25, 212
"/home/avakumov/Downloads/itf_php-aquamarin-9d9fb87ec297/pages/search/index.js", "JavaScript", 13, 0, 0, 0, 0, 0, 0, 4, 17
"/home/avakumov/Downloads/itf_php-aquamarin-9d9fb87ec297/pages/search/phablet.js", "JavaScript", 141, 0, 0, 0, 0, 0, 1, 15, 157
"/home/avakumov/Downloads/itf_php-aquamarin-9d9fb87ec297/pages/service-company/desktop.js", "JavaScript", 25, 0, 0, 0, 0, 0, 0, 2, 27
"/home/avakumov/Downloads/itf_php-aquamarin-9d9fb87ec297/pages/service-company/index.js", "JavaScript", 12, 0, 0, 0, 0, 0, 1, 4, 17
"/home/avakumov/Downloads/itf_php-aquamarin-9d9fb87ec297/pages/service-company/phablet.js", "JavaScript", 25, 0, 0, 0, 0, 0, 0, 2, 27
"/home/avakumov/Downloads/itf_php-aquamarin-9d9fb87ec297/pages/similar-flats/desktop.js", "JavaScript", 131, 0, 0, 0, 0, 0, 0, 6, 137
"/home/avakumov/Downloads/itf_php-aquamarin-9d9fb87ec297/pages/similar-flats/index.js", "JavaScript", 12, 0, 0, 0, 0, 0, 0, 4, 16
"/home/avakumov/Downloads/itf_php-aquamarin-9d9fb87ec297/pages/similar-flats/phablet.js", "JavaScript", 92, 0, 0, 0, 0, 0, 1, 6, 99
"/home/avakumov/Downloads/itf_php-aquamarin-9d9fb87ec297/pages/stage/_desktop.js", "JavaScript", 217, 0, 0, 0, 0, 0, 0, 11, 228
"/home/avakumov/Downloads/itf_php-aquamarin-9d9fb87ec297/pages/stage/_phablet.js", "JavaScript", 142, 0, 0, 0, 0, 0, 2, 8, 152
"/home/avakumov/Downloads/itf_php-aquamarin-9d9fb87ec297/pages/stage/index.js", "JavaScript", 14, 0, 0, 0, 0, 0, 0, 4, 18
"/home/avakumov/Downloads/itf_php-aquamarin-9d9fb87ec297/pages/suncalc/index.js", "JavaScript", 25, 0, 0, 0, 0, 0, 0, 3, 28
"/home/avakumov/Downloads/itf_php-aquamarin-9d9fb87ec297/routes.js", "JavaScript", 33, 0, 0, 0, 0, 0, 20, 20, 73
"/home/avakumov/Downloads/itf_php-aquamarin-9d9fb87ec297/select/filter.js", "JavaScript", 15, 0, 0, 0, 0, 0, 0, 1, 16
"/home/avakumov/Downloads/itf_php-aquamarin-9d9fb87ec297/select/genplan.js", "JavaScript", 36, 0, 0, 0, 0, 0, 4, 5, 45
"/home/avakumov/Downloads/itf_php-aquamarin-9d9fb87ec297/select/marks.js", "JavaScript", 10, 0, 0, 0, 0, 0, 0, 1, 11
"/home/avakumov/Downloads/itf_php-aquamarin-9d9fb87ec297/select/news.js", "JavaScript", 7, 0, 0, 0, 0, 0, 0, 3, 10
"/home/avakumov/Downloads/itf_php-aquamarin-9d9fb87ec297/select/seo.js", "JavaScript", 12, 0, 0, 0, 0, 0, 0, 1, 13
"/home/avakumov/Downloads/itf_php-aquamarin-9d9fb87ec297/select/stage.js", "JavaScript", 17, 0, 0, 0, 0, 0, 0, 3, 20
"/home/avakumov/Downloads/itf_php-aquamarin-9d9fb87ec297/server.js", "JavaScript", 21, 0, 0, 0, 0, 0, 1, 3, 25
"/home/avakumov/Downloads/itf_php-aquamarin-9d9fb87ec297/services/horizontal-scroll-plugin.js", "JavaScript", 15, 0, 0, 0, 0, 0, 4, 7, 26
"/home/avakumov/Downloads/itf_php-aquamarin-9d9fb87ec297/services/yandex-map.js", "JavaScript", 242, 0, 0, 0, 0, 0, 1, 57, 300
"/home/avakumov/Downloads/itf_php-aquamarin-9d9fb87ec297/static/advantages/root.svg", "XML", 0, 0, 0, 1, 0, 0, 0, 0, 1
"/home/avakumov/Downloads/itf_php-aquamarin-9d9fb87ec297/static/animations/button.json", "JSON", 0, 0, 1, 0, 0, 0, 0, 0, 1
"/home/avakumov/Downloads/itf_php-aquamarin-9d9fb87ec297/static/animations/kot-trava.json", "JSON", 0, 0, 1, 0, 0, 0, 0, 0, 1
"/home/avakumov/Downloads/itf_php-aquamarin-9d9fb87ec297/static/animations/menu.json", "JSON", 0, 0, 1, 0, 0, 0, 0, 0, 1
"/home/avakumov/Downloads/itf_php-aquamarin-9d9fb87ec297/static/bounce-marker.js", "JavaScript", 127, 0, 0, 0, 0, 0, 40, 23, 190
"/home/avakumov/Downloads/itf_php-aquamarin-9d9fb87ec297/static/branding/advantages-tile.svg", "XML", 0, 0, 0, 61, 0, 0, 0, 1, 62
"/home/avakumov/Downloads/itf_php-aquamarin-9d9fb87ec297/static/branding/complex-marker.svg", "XML", 0, 0, 0, 20, 0, 0, 0, 1, 21
"/home/avakumov/Downloads/itf_php-aquamarin-9d9fb87ec297/static/branding/ex-logo.svg", "XML", 0, 0, 0, 11, 0, 0, 0, 1, 12
"/home/avakumov/Downloads/itf_php-aquamarin-9d9fb87ec297/static/branding/ex-next.svg", "XML", 0, 0, 0, 5, 0, 0, 0, 1, 6
"/home/avakumov/Downloads/itf_php-aquamarin-9d9fb87ec297/static/branding/ex-prev.svg", "XML", 0, 0, 0, 5, 0, 0, 0, 1, 6
"/home/avakumov/Downloads/itf_php-aquamarin-9d9fb87ec297/static/branding/house-marker.svg", "XML", 0, 0, 0, 9, 0, 0, 0, 1, 10
"/home/avakumov/Downloads/itf_php-aquamarin-9d9fb87ec297/static/branding/logo-alt.svg", "XML", 0, 0, 0, 1, 0, 0, 0, 0, 1
"/home/avakumov/Downloads/itf_php-aquamarin-9d9fb87ec297/static/branding/logo-dark.svg", "XML", 0, 0, 0, 1, 0, 0, 0, 0, 1
"/home/avakumov/Downloads/itf_php-aquamarin-9d9fb87ec297/static/branding/logo-light.svg", "XML", 0, 0, 0, 1, 0, 0, 0, 0, 1
"/home/avakumov/Downloads/itf_php-aquamarin-9d9fb87ec297/static/branding/logo-mobile.svg", "XML", 0, 0, 0, 1, 0, 0, 0, 0, 1
"/home/avakumov/Downloads/itf_php-aquamarin-9d9fb87ec297/static/branding/logo-mono.svg", "XML", 0, 0, 0, 1, 0, 0, 0, 0, 1
"/home/avakumov/Downloads/itf_php-aquamarin-9d9fb87ec297/static/branding/logo-primary.svg", "XML", 0, 0, 0, 1, 0, 0, 0, 0, 1
"/home/avakumov/Downloads/itf_php-aquamarin-9d9fb87ec297/static/branding/logo-print.svg", "XML", 0, 0, 0, 1, 0, 0, 0, 0, 1
"/home/avakumov/Downloads/itf_php-aquamarin-9d9fb87ec297/static/branding/logo-white.svg", "XML", 0, 0, 0, 1, 0, 0, 0, 0, 1
"/home/avakumov/Downloads/itf_php-aquamarin-9d9fb87ec297/static/branding/menu-background.svg", "XML", 0, 0, 0, 34, 0, 0, 0, 1, 35
"/home/avakumov/Downloads/itf_php-aquamarin-9d9fb87ec297/static/branding/menu-mask.svg", "XML", 0, 0, 0, 14, 0, 0, 0, 1, 15
"/home/avakumov/Downloads/itf_php-aquamarin-9d9fb87ec297/static/branding/menu-trava.svg", "XML", 0, 0, 0, 63, 0, 0, 0, 1, 64
"/home/avakumov/Downloads/itf_php-aquamarin-9d9fb87ec297/static/branding/modal-background.svg", "XML", 0, 0, 0, 49, 0, 0, 0, 1, 50
"/home/avakumov/Downloads/itf_php-aquamarin-9d9fb87ec297/static/branding/office-marker.svg", "XML", 0, 0, 0, 13, 0, 0, 0, 1, 14
"/home/avakumov/Downloads/itf_php-aquamarin-9d9fb87ec297/static/branding/ornament.svg", "XML", 0, 0, 0, 112, 0, 0, 0, 1, 113
"/home/avakumov/Downloads/itf_php-aquamarin-9d9fb87ec297/static/branding/phablet-menu-trava.svg", "XML", 0, 0, 0, 60, 0, 0, 0, 1, 61
"/home/avakumov/Downloads/itf_php-aquamarin-9d9fb87ec297/static/branding/s1.svg", "XML", 0, 0, 0, 1, 0, 0, 0, 0, 1
"/home/avakumov/Downloads/itf_php-aquamarin-9d9fb87ec297/static/branding/s2.svg", "XML", 0, 0, 0, 1, 0, 0, 0, 0, 1
"/home/avakumov/Downloads/itf_php-aquamarin-9d9fb87ec297/static/branding/s3.svg", "XML", 0, 0, 0, 1, 0, 0, 0, 0, 1
"/home/avakumov/Downloads/itf_php-aquamarin-9d9fb87ec297/static/branding/s4.svg", "XML", 0, 0, 0, 1, 0, 0, 0, 0, 1
"/home/avakumov/Downloads/itf_php-aquamarin-9d9fb87ec297/static/branding/uni-logo.svg", "XML", 0, 0, 0, 42, 0, 0, 0, 1, 43
"/home/avakumov/Downloads/itf_php-aquamarin-9d9fb87ec297/static/branding/wmenu-mask.svg", "XML", 0, 0, 0, 8, 0, 0, 0, 1, 9
"/home/avakumov/Downloads/itf_php-aquamarin-9d9fb87ec297/static/dev/logo.svg", "XML", 0, 0, 0, 5, 0, 0, 0, 1, 6
"/home/avakumov/Downloads/itf_php-aquamarin-9d9fb87ec297/static/dev/ugol.svg", "XML", 0, 0, 0, 1, 0, 0, 0, 0, 1
"/home/avakumov/Downloads/itf_php-aquamarin-9d9fb87ec297/static/draw/images/spritesheet.svg", "XML", 0, 0, 0, 156, 0, 0, 0, 1, 157
"/home/avakumov/Downloads/itf_php-aquamarin-9d9fb87ec297/static/draw/leaflet.draw-src.css", "CSS", 0, 0, 0, 0, 0, 241, 21, 64, 326
"/home/avakumov/Downloads/itf_php-aquamarin-9d9fb87ec297/static/draw/leaflet.draw-src.js", "JavaScript", 3121, 0, 0, 0, 0, 0, 808, 845, 4774
"/home/avakumov/Downloads/itf_php-aquamarin-9d9fb87ec297/static/draw/leaflet.draw.css", "CSS", 0, 0, 0, 0, 0, 10, 0, 0, 10
"/home/avakumov/Downloads/itf_php-aquamarin-9d9fb87ec297/static/draw/leaflet.draw.js", "JavaScript", 3, 0, 0, 0, 0, 0, 7, 0, 10
"/home/avakumov/Downloads/itf_php-aquamarin-9d9fb87ec297/static/fonts/cera-pro/css.css", "CSS", 0, 0, 0, 0, 0, 18, 0, 1, 19
"/home/avakumov/Downloads/itf_php-aquamarin-9d9fb87ec297/static/fonts/cera-pro/demo.html", "HTML", 0, 0, 0, 0, 517, 0, 0, 0, 517
"/home/avakumov/Downloads/itf_php-aquamarin-9d9fb87ec297/static/fonts/cera-pro/stylesheet.css", "CSS", 0, 0, 0, 0, 0, 132, 0, 13, 145
"/home/avakumov/Downloads/itf_php-aquamarin-9d9fb87ec297/static/fonts/cera/cera.css", "CSS", 0, 0, 0, 0, 0, 18, 0, 1, 19
"/home/avakumov/Downloads/itf_php-aquamarin-9d9fb87ec297/static/fonts/druk/druk.css", "CSS", 0, 0, 0, 0, 0, 9, 0, 1, 10
"/home/avakumov/Downloads/itf_php-aquamarin-9d9fb87ec297/static/fonts/inglobal/inglobal.css", "CSS", 0, 0, 0, 0, 0, 12, 0, 1, 13
"/home/avakumov/Downloads/itf_php-aquamarin-9d9fb87ec297/static/fonts/montserrat/style.css", "CSS", 0, 0, 0, 0, 0, 18, 0, 1, 19
"/home/avakumov/Downloads/itf_php-aquamarin-9d9fb87ec297/static/fonts/pfdin/pfdin.css", "CSS", 0, 0, 0, 0, 0, 18, 0, 1, 19
"/home/avakumov/Downloads/itf_php-aquamarin-9d9fb87ec297/static/fonts/suisse/suisse.css", "CSS", 0, 0, 0, 0, 0, 18, 0, 1, 19
"/home/avakumov/Downloads/itf_php-aquamarin-9d9fb87ec297/static/genplan/scheme.svg", "XML", 0, 0, 0, 631, 0, 0, 0, 1, 632
"/home/avakumov/Downloads/itf_php-aquamarin-9d9fb87ec297/static/genplan/scheme_draw.svg", "XML", 0, 0, 0, 382, 0, 0, 0, 1, 383
"/home/avakumov/Downloads/itf_php-aquamarin-9d9fb87ec297/static/plan3d.html", "HTML", 0, 0, 0, 0, 38, 0, 0, 11, 49
"/home/avakumov/Downloads/itf_php-aquamarin-9d9fb87ec297/static/plan3d.js", "JavaScript", 11791, 0, 0, 0, 0, 0, 1, 0, 11792
"/home/avakumov/Downloads/itf_php-aquamarin-9d9fb87ec297/static/sun.html", "HTML", 0, 0, 0, 0, 6, 0, 0, 1, 7
"Total", "-", 36165, 159, 9002, 1694, 561, 494, 1166, 2536, 51777